"Credit liabilities of households (x 1,000,000)",,,,,,,,,,,,,,,,,,,,,,,,,,,,,,,,,,,,,,,,,,,,,,,,,,,,,,,,,,,,,,,,,,,,,,,,,,,,,,,,,,,,,,,,,,,,,,,,,,,,,,,,,,,,,,,,,,,,,,,,,,,,,,,,,,,,,,,,,,,,,,,,,,
Frequency: Monthly,,,,,,,,,,,,,,,,,,,,,,,,,,,,,,,,,,,,,,,,,,,,,,,,,,,,,,,,,,,,,,,,,,,,,,,,,,,,,,,,,,,,,,,,,,,,,,,,,,,,,,,,,,,,,,,,,,,,,,,,,,,,,,,,,,,,,,,,,,,,,,,,,,
Table: 36-10-0639-01,,,,,,,,,,,,,,,,,,,,,,,,,,,,,,,,,,,,,,,,,,,,,,,,,,,,,,,,,,,,,,,,,,,,,,,,,,,,,,,,,,,,,,,,,,,,,,,,,,,,,,,,,,,,,,,,,,,,,,,,,,,,,,,,,,,,,,,,,,,,,,,,,,
Release date: 2023-03-22,,,,,,,,,,,,,,,,,,,,,,,,,,,,,,,,,,,,,,,,,,,,,,,,,,,,,,,,,,,,,,,,,,,,,,,,,,,,,,,,,,,,,,,,,,,,,,,,,,,,,,,,,,,,,,,,,,,,,,,,,,,,,,,,,,,,,,,,,,,,,,,,,,
Geography: Canada,,,,,,,,,,,,,,,,,,,,,,,,,,,,,,,,,,,,,,,,,,,,,,,,,,,,,,,,,,,,,,,,,,,,,,,,,,,,,,,,,,,,,,,,,,,,,,,,,,,,,,,,,,,,,,,,,,,,,,,,,,,,,,,,,,,,,,,,,,,,,,,,,,
,,,,,,,,,,,,,,,,,,,,,,,,,,,,,,,,,,,,,,,,,,,,,,,,,,,,,,,,,,,,,,,,,,,,,,,,,,,,,,,,,,,,,,,,,,,,,,,,,,,,,,,,,,,,,,,,,,,,,,,,,,,,,,,,,,,,,,,,,,,,,,,,,,
,,,,,,,,,,,,,,,,,,,,,,,,,,,,,,,,,,,,,,,,,,,,,,,,,,,,,,,,,,,,,,,,,,,,,,,,,,,,,,,,,,,,,,,,,,,,,,,,,,,,,,,,,,,,,,,,,,,,,,,,,,,,,,,,,,,,,,,,,,,,,,,,,,
,,,,,,,,,,,,,,,,,,,,,,,,,,,,,,,,,,,,,,,,,,,,,,,,,,,,,,,,,,,,,,,,,,,,,,,,,,,,,,,,,,,,,,,,,,,,,,,,,,,,,,,,,,,,,,,,,,,,,,,,,,,,,,,,,,,,,,,,,,,,,,,,,,
Seasonality,Seasonally adjusted data,,,,,,,,,,,,,,,,,,,,,,,,,,,,,,,,,,,,,,,,,,,,,,,,,,,,,,,,,,,,,,,,,,,,,,,,,,,,,,,,,,,,,,,,,,,,,,,,,,,,,,,,,,,,,,,,,,,,,,,,,,,,,,,,,,,,,,,,,,,,,,,,,
Geography,Canada,,,,,,,,,,,,,,,,,,,,,,,,,,,,,,,,,,,,,,,,,,,,,,,,,,,,,,,,,,,,,,,,,,,,,,,,,,,,,,,,,,,,,,,,,,,,,,,,,,,,,,,,,,,,,,,,,,,,,,,,,,,,,,,,,,,,,,,,,,,,,,,,,
Credit liabilities of households 1 2 3,Jan-17,Symbol,Feb-17,Symbol,Mar-17,Symbol,Apr-17,Symbol,May-17,Symbol,Jun-17,Symbol,Jul-17,Symbol,Aug-17,Symbol,Sep-17,Symbol,Oct-17,Symbol,Nov-17,Symbol,Dec-17,Symbol,Jan-18,Symbol,Feb-18,Symbol,Mar-18,Symbol,Apr-18,Symbol,May-18,Symbol,Jun-18,Symbol,Jul-18,Symbol,Aug-18,Symbol,Sep-18,Symbol,Oct-18,Symbol,Nov-18,Symbol,Dec-18,Symbol,Jan-19,Symbol,Feb-19,Symbol,Mar-19,Symbol,Apr-19,Symbol,May-19,Symbol,Jun-19,Symbol,Jul-19,Symbol,Aug-19,Symbol,Sep-19,Symbol,Oct-19,Symbol,Nov-19,Symbol,Dec-19,Symbol,Jan-20,Symbol,Feb-20,Symbol,Mar-20,Symbol,Apr-20,Symbol,May-20,Symbol,Jun-20,Symbol,Jul-20,Symbol,Aug-20,Symbol,Sep-20,Symbol,Oct-20,Symbol,Nov-20,Symbol,Dec-20,Symbol,Jan-21,Symbol,Feb-21,Symbol,Mar-21,Symbol,Apr-21,Symbol,May-21,Symbol,Jun-21,Symbol,Jul-21,Symbol,Aug-21,Symbol,Sep-21,Symbol,Oct-21,Symbol,Nov-21,Symbol,Dec-21,Symbol,Jan-22,Symbol,Feb-22,Symbol,Mar-22,Symbol,Apr-22,Symbol,May-22,Symbol,Jun-22,Symbol,Jul-22,Symbol,Aug-22,Symbol,Sep-22,Symbol,Oct-22,Symbol,Nov-22,Symbol,Dec-22,Symbol,Jan-23,Symbol
,Dollars,,,,,,,,,,,,,,,,,,,,,,,,,,,,,,,,,,,,,,,,,,,,,,,,,,,,,,,,,,,,,,,,,,,,,,,,,,,,,,,,,,,,,,,,,,,,,,,,,,,,,,,,,,,,,,,,,,,,,,,,,,,,,,,,,,,,,,,,,,,,,,,,,
Non-mortgage loans,"667,394",,"670,454",,"674,522",,"676,412",,"678,617",,"680,292",,"682,900",,"684,360",,"685,264",,"686,148",,"687,759",,"688,817",,"689,898",,"692,231",,"694,276",,"695,993",,"699,868",,"702,054",,"703,969",,"705,467",,"707,574",,"708,862",,"710,814",,"711,552",,"710,600",,"711,301",,"712,375",,"715,119",,"717,895",,"719,201",,"720,025",,"719,776",,"719,837",,"720,282",,"719,536",,"721,948",,"721,648",,"722,600",,"714,064",,"702,640",,"697,214",,"698,197",,"698,417",,"699,825",,"700,149",,"699,889",,"700,032",,"696,702",,"694,227",,"692,501",,"691,094",,"692,264",,"692,619",,"693,471",,"693,353",,"693,836",,"695,890",,"696,402",,"701,453",,"700,736",,"701,863",,"705,642",,"708,355",,"712,921",,"716,427",,"718,006",,"718,198",,"720,740",,"722,009",,"724,565",,"726,021",,"727,427",,"728,490",
Chartered banks 1,"477,815",,"478,637",,"480,074",,"480,897",,"481,949",,"482,892",,"484,197",,"484,128",,"484,079",,"484,659",,"485,657",,"486,752",,"486,206",,"486,539",,"486,946",,"487,370",,"490,270",,"491,178",,"492,104",,"492,740",,"494,018",,"495,005",,"496,687",,"496,307",,"495,649",,"496,552",,"497,539",,"499,368",,"501,574",,"502,693",,"503,335",,"503,354",,"503,511",,"503,463",,"502,426",,"504,463",,"506,279",,"509,170",,"502,459",,"490,620",,"485,488",,"485,954",,"486,438",,"488,031",,"488,597",,"488,541",,"488,849",,"485,500",,"484,092",,"483,342",,"482,774",,"484,634",,"485,366",,"486,995",,"486,523",,"486,544",,"488,130",,"489,078",,"494,641",,"494,509",,"495,098",,"498,602",,"500,802",,"505,393",,"509,029",,"510,676",,"510,787",,"512,971",,"514,129",,"516,436",,"517,787",,"519,439",,"519,962",
Personal loans 1 2,"99,313",,"99,610",,"99,999",,"100,469",,"100,856",,"101,099",,"101,503",,"101,496",,"101,700",,"102,325",,"101,666",,"102,208",,"102,746",,"103,082",,"103,205",,"103,439",,"103,701",,"103,963",,"104,088",,"104,576",,"104,973",,"105,181",,"105,528",,"105,587",,"105,590",,"105,362",,"105,983",,"106,725",,"107,339",,"108,033",,"108,344",,"109,077",,"109,668",,"110,195",,"110,591",,"111,118",,"111,041",,"111,620",,"111,366",,"110,501",,"109,722",,"110,468",,"111,483",,"111,875",,"112,118",,"112,524",,"112,925",,"113,125",,"115,317",,"115,128",,"115,244",,"116,017",,"116,100",,"116,423",,"116,308",,"116,424",,"116,528",,"116,485",,"116,912",,"116,852",,"116,843",,"117,087",,"117,727",,"118,186",,"118,644",,"118,780",,"118,785",,"119,078",,"119,667",,"120,160",,"120,378",,"120,732",,"120,982",
Of which: Auto loans 1 2,"76,929",,"77,288",,"77,723",,"78,235",,"78,700",,"79,243",,"79,239",,"79,710",,"80,083",,"80,526",,"80,864",,"81,309",,"81,742",,"82,028",,"82,331",,"82,912",,"83,395",,"83,525",,"83,799",,"84,220",,"84,448",,"84,752",,"84,934",,"85,038",,"85,505",,"85,350",,"85,745",,"86,492",,"86,951",,"87,384",,"87,969",,"88,520",,"88,951",,"89,366",,"89,705",,"89,914",,"88,012",,"88,709",,"88,522",,"87,536",,"87,277",,"87,862",,"88,802",,"89,205",,"89,766",,"89,953",,"90,244",,"90,493",,"90,298",,"90,483",,"90,925",,"91,465",,"91,508",,"91,836",,"91,888",,"91,872",,"91,532",,"91,656",,"91,740",,"91,886",,"92,046",,"92,351",,"92,770",,"93,003",,"93,505",,"93,739",,"93,662",,"94,060",,"94,775",,"95,233",,"95,620",,"95,949",,"96,467",
Credit cards 1 2,"81,040",,"81,261",,"81,426",,"81,781",,"81,868",,"81,966",,"82,160",,"82,210",,"82,377",,"82,516",,"82,904",,"82,618",,"82,569",,"82,108",,"82,055",,"81,881",,"82,551",,"82,835",,"83,049",,"83,151",,"83,572",,"83,898",,"84,024",,"84,455",,"84,498",,"84,736",,"84,566",,"85,398",,"86,022",,"86,077",,"86,323",,"86,099",,"86,450",,"86,615",,"85,971",,"87,805",,"89,708",,"90,964",,"85,299",,"78,665",,"78,197",,"78,824",,"78,645",,"79,260",,"78,362",,"78,097",,"79,044",,"76,830",,"75,060",,"75,319",,"75,751",,"75,443",,"75,586",,"75,981",,"76,968",,"77,443",,"78,305",,"78,692",,"80,599",,"80,412",,"80,151",,"82,112",,"82,576",,"84,265",,"85,595",,"86,157",,"86,638",,"87,537",,"88,660",,"90,079",,"90,639",,"91,413",,"92,324",
Lines of credit 1 2 4,"246,554",,"246,848",,"247,602",,"248,041",,"248,800",,"249,610",,"250,168",,"249,961",,"249,586",,"249,325",,"248,506",,"248,890",,"249,330",,"249,099",,"249,110",,"249,363",,"249,352",,"249,630",,"250,180",,"249,952",,"250,126",,"250,215",,"251,080",,"250,532",,"249,589",,"249,948",,"249,722",,"249,508",,"249,827",,"249,748",,"249,534",,"249,071",,"248,259",,"247,337",,"246,311",,"245,539",,"240,427",,"240,267",,"241,941",,"238,068",,"234,284",,"232,576",,"231,527",,"231,090",,"231,274",,"230,150",,"228,759",,"227,226",,"224,868",,"223,370",,"221,471",,"222,037",,"221,498",,"221,218",,"220,740",,"220,323",,"220,336",,"220,670",,"221,610",,"222,492",,"223,404",,"224,368",,"224,953",,"226,399",,"228,012",,"228,882",,"229,054",,"229,766",,"229,649",,"229,710",,"229,717",,"229,873",,"230,299",
"Lines of credit, of which: excluding home equity lines of credit 1 2","70,991",,"71,068",,"71,305",,"71,371",,"71,526",,"71,718",,"71,582",,"71,707",,"71,453",,"71,646",,"71,065",,"71,223",,"71,821",,"71,767",,"71,965",,"72,440",,"72,701",,"73,216",,"73,719",,"73,456",,"73,758",,"73,638",,"74,586",,"74,153",,"73,120",,"73,972",,"74,246",,"74,410",,"74,905",,"75,232",,"75,390",,"75,813",,"75,897",,"75,776",,"75,461",,"75,233",,"70,351",,"70,279",,"71,046",,"68,824",,"67,059",,"66,402",,"66,058",,"65,965",,"65,786",,"65,563",,"65,048",,"64,573",,"64,147",,"63,817",,"63,581",,"63,484",,"63,213",,"63,245",,"63,255",,"63,107",,"63,195",,"63,305",,"63,674",,"64,056",,"64,381",,"64,563",,"64,706",,"65,332",,"66,054",,"66,585",,"66,817",,"67,232",,"67,344",,"67,561",,"67,717",,"67,906",,"68,112",
Other personal loans 1 2,"20,026",,"20,217",,"20,308",,"20,426",,"20,662",,"20,908",,"21,030",,"21,239",,"21,251",,"21,154",,"23,032",,"23,206",,"21,652",,"22,131",,"22,101",,"22,094",,"23,658",,"23,458",,"23,197",,"23,211",,"23,165",,"23,201",,"23,131",,"22,519",,"22,245",,"22,000",,"21,863",,"21,866",,"21,864",,"21,726",,"21,946",,"21,843",,"21,794",,"21,694",,"21,623",,"21,633",,"25,194",,"25,459",,"23,561",,"23,937",,"24,008",,"24,497",,"24,955",,"25,517",,"26,241",,"27,195",,"27,387",,"27,975",,"28,801",,"29,307",,"29,884",,"30,229",,"30,774",,"31,360",,"30,653",,"30,420",,"30,886",,"30,950",,"32,431",,"31,688",,"31,770",,"31,496",,"31,490",,"32,067",,"31,855",,"31,669",,"31,401",,"31,536",,"31,108",,"30,697",,"30,406",,"30,267",,"29,695",
Unincorporated business 1 2,"30,882",,"30,701",,"30,739",,"30,180",,"29,763",,"29,309",,"29,336",,"29,222",,"29,165",,"29,339",,"29,549",,"29,830",,"29,909",,"30,119",,"30,475",,"30,593",,"31,008",,"31,292",,"31,590",,"31,850",,"32,182",,"32,510",,"32,924",,"33,214",,"33,727",,"34,506",,"35,405",,"35,871",,"36,522",,"37,109",,"37,188",,"37,264",,"37,340",,"37,622",,"37,930",,"38,368",,"39,909",,"40,860",,"40,292",,"39,449",,"39,277",,"39,589",,"39,828",,"40,289",,"40,602",,"40,575",,"40,734",,"40,344",,"40,046",,"40,218",,"40,424",,"40,908",,"41,408",,"42,013",,"41,854",,"41,934",,"42,075",,"42,281",,"43,089",,"43,065",,"42,930",,"43,539",,"44,056",,"44,476",,"44,923",,"45,188",,"44,909",,"45,054",,"45,045",,"45,790",,"46,647",,"47,154",,"46,662",
Non-banks 1,"189,579",,"191,817",,"194,448",,"195,515",,"196,668",,"197,400",,"198,703",,"200,232",,"201,185",,"201,489",,"202,102",,"202,065",,"203,692",,"205,692",,"207,330",,"208,623",,"209,598",,"210,876",,"211,865",,"212,727",,"213,556",,"213,857",,"214,127",,"215,245",,"214,951",,"214,749",,"214,836",,"215,751",,"216,321",,"216,508",,"216,690",,"216,422",,"216,326",,"216,819",,"217,110",,"217,485",,"215,369",,"213,430",,"211,605",,"212,020",,"211,726",,"212,243",,"211,979",,"211,794",,"211,552",,"211,348",,"211,183",,"211,202",,"210,135",,"209,159",,"208,320",,"207,630",,"207,253",,"206,476",,"206,830",,"207,292",,"207,760",,"207,324",,"206,812",,"206,227",,"206,765",,"207,040",,"207,553",,"207,528",,"207,398",,"207,330",,"207,411",,"207,769",,"207,880",,"208,129",,"208,234",,"207,988",,"208,528",
Government 1 5,"27,065",,"27,201",,"27,322",,"27,493",,"27,642",,"27,792",,"27,932",,"28,072",,"28,227",,"28,242",,"28,278",,"28,327",,"28,485",,"28,660",,"28,827",,"28,970",,"29,110",,"29,261",,"29,463",,"29,664",,"29,875",,"29,942",,"30,025",,"30,115",,"30,259",,"30,414",,"30,559",,"30,619",,"30,686",,"30,773",,"30,940",,"31,104",,"31,266",,"31,453",,"31,644",,"31,838",,"31,851",,"31,892",,"31,900",,"34,182",,"34,817",,"35,255",,"35,354",,"35,471",,"35,581",,"35,776",,"35,959",,"36,481",,"36,701",,"36,900",,"37,064",,"37,262",,"37,477",,"37,719",,"37,927",,"38,083",,"38,221",,"38,244",,"38,244",,"38,261",,"38,231",,"38,190",,"38,191",,"38,196",,"38,206",,"38,221",,"38,323",,"38,436",,"38,531",,"38,571",,"38,611",,"38,631",,"38,767",
Non-bank financial corporations 1 5,"151,534",,"153,358",,"155,560",,"156,384",,"157,314",,"157,824",,"159,145",,"160,691",,"161,642",,"161,807",,"162,263",,"162,053",,"163,541",,"165,383",,"166,873",,"167,989",,"168,788",,"169,881",,"170,668",,"171,329",,"171,947",,"172,158",,"172,322",,"173,327",,"172,796",,"172,355",,"172,204",,"172,997",,"173,436",,"173,474",,"173,461",,"173,001",,"172,716",,"173,021",,"173,119",,"173,299",,"171,675",,"170,166",,"168,838",,"167,180",,"166,466",,"166,754",,"166,366",,"166,040",,"165,664",,"165,414",,"165,210",,"164,856",,"163,579",,"162,414",,"161,421",,"160,543",,"159,960",,"158,951",,"159,153",,"159,514",,"159,898",,"159,465",,"158,979",,"158,403",,"158,898",,"159,148",,"159,587",,"159,588",,"159,479",,"159,427",,"159,352",,"159,544",,"159,508",,"159,704",,"159,757",,"159,478",,"159,888",
Credit unions and caisse populaires 1 5,"68,014",,"68,171",,"68,652",,"68,853",,"69,275",,"69,346",,"69,679",,"70,237",,"70,303",,"70,764",,"71,498",,"71,569",,"71,996",,"72,804",,"73,158",,"73,876",,"74,345",,"75,137",,"75,408",,"75,661",,"75,987",,"76,104",,"76,080",,"77,013",,"76,889",,"76,774",,"76,945",,"77,576",,"77,808",,"77,654",,"77,989",,"78,050",,"78,300",,"78,499",,"78,532",,"78,747",,"78,485",,"78,434",,"78,595",,"76,939",,"76,138",,"76,308",,"76,093",,"75,980",,"75,918",,"75,676",,"75,547",,"75,322",,"75,160",,"75,049",,"75,177",,"75,135",,"75,359",,"75,098",,"74,928",,"74,910",,"74,951",,"74,902",,"74,797",,"74,600",,"74,854",,"75,055",,"75,416",,"75,764",,"75,998",,"76,289",,"76,232",,"76,422",,"76,343",,"76,570",,"76,653",,"76,358",,"76,425",
Trust companies and mortgage loan companies 1 5,685,,740,,801,,834,,858,,861,,799,,797,,803,,812,,821,,816,,872,,896,,967,,974,,980,,989,,990,,"1,000",,"1,004",,981,,"1,060",,"1,051",,"1,079",,"1,119",,"1,164",,"1,201",,"1,236",,"1,255",,"1,261",,"1,211",,"1,215",,"1,225",,"1,238",,"1,239",,"1,090",,965,,819,,825,,826,,836,,786,,763,,690,,688,,662,,643,,625,,611,,585,,562,,521,,493,,485,,481,,478,,478,,479,,481,,489,,494,,502,,507,,522,,532,,545,,553,,569,,592,,614,,639,,694,
Financial vehicle corporations engaged in securitization 1 6,"12,626",,"12,607",,"12,590",,"12,430",,"12,270",,"12,112",,"12,453",,"12,784",,"13,087",,"12,372",,"11,647",,"10,845",,"10,935",,"11,004",,"11,087",,"10,935",,"10,773",,"10,616",,"10,878",,"11,142",,"11,401",,"11,303",,"11,208",,"11,109",,"11,007",,"10,915",,"10,812",,"10,994",,"11,180",,"11,360",,"11,207",,"11,053",,"10,905",,"11,125",,"11,339",,"11,559",,"11,533",,"11,389",,"11,208",,"11,143",,"11,063",,"10,984",,"10,761",,"10,538",,"10,322",,"10,667",,"11,001",,"11,346",,"11,026",,"10,737",,"10,417",,"10,268",,"10,115",,"9,966",,"10,596",,"11,227",,"11,837",,"11,978",,"12,114",,"12,255",,"12,501",,"12,722",,"12,968",,"12,934",,"12,900",,"12,866",,"13,065",,"13,264",,"13,456",,"13,467",,"13,477",,"13,488",,"13,457",
Other financial corporations n.e.i. 1 7,"70,209",,"71,840",,"73,517",,"74,267",,"74,911",,"75,505",,"76,214",,"76,873",,"77,449",,"77,859",,"78,297",,"78,823",,"79,738",,"80,679",,"81,661",,"82,204",,"82,690",,"83,139",,"83,392",,"83,526",,"83,555",,"83,770",,"83,974",,"84,154",,"83,821",,"83,547",,"83,283",,"83,226",,"83,212",,"83,205",,"83,004",,"82,687",,"82,296",,"82,172",,"82,010",,"81,754",,"80,567",,"79,378",,"78,216",,"78,273",,"78,439",,"78,626",,"78,726",,"78,759",,"78,734",,"78,383",,"78,000",,"77,545",,"76,768",,"76,017",,"75,242",,"74,578",,"73,965",,"73,394",,"73,144",,"72,896",,"72,632",,"72,107",,"71,589",,"71,067",,"71,054",,"70,877",,"70,701",,"70,383",,"70,059",,"69,740",,"69,510",,"69,305",,"69,140",,"69,075",,"69,013",,"68,993",,"69,312",
Other lenders n.e.i. 1 8,"10,980",,"11,258",,"11,566",,"11,638",,"11,712",,"11,784",,"11,626",,"11,469",,"11,316",,"11,440",,"11,561",,"11,685",,"11,666",,"11,649",,"11,630",,"11,664",,"11,700",,"11,734",,"11,734",,"11,734",,"11,734",,"11,757",,"11,780",,"11,803",,"11,896",,"11,980",,"12,073",,"12,135",,"12,199",,"12,261",,"12,289",,"12,317",,"12,344",,"12,345",,"12,347",,"12,348",,"11,843",,"11,372",,"10,867",,"10,658",,"10,443",,"10,234",,"10,259",,"10,283",,"10,307",,"10,158",,"10,014",,"9,865",,"9,855",,"9,845",,"9,835",,"9,825",,"9,816",,"9,806",,"9,750",,"9,695",,"9,641",,"9,615",,"9,589",,"9,563",,"9,636",,"9,702",,"9,775",,"9,744",,"9,713",,"9,682",,"9,736",,"9,789",,"9,841",,"9,854",,"9,866",,"9,879",,"9,873",
Mortgage loans,"1,432,849",,"1,439,979",,"1,447,086",,"1,455,190",,"1,461,680",,"1,468,889",,"1,476,079",,"1,481,708",,"1,487,270",,"1,494,295",,"1,501,109",,"1,507,659",,"1,512,922",,"1,519,097",,"1,524,391",,"1,527,720",,"1,530,482",,"1,534,725",,"1,539,832",,"1,544,356",,"1,549,204",,"1,554,237",,"1,559,377",,"1,567,562",,"1,571,707",,"1,576,573",,"1,583,590",,"1,587,873",,"1,595,559",,"1,600,358",,"1,607,573",,"1,616,023",,"1,623,644",,"1,632,221",,"1,638,665",,"1,647,107",,"1,656,739",,"1,666,888",,"1,677,284",,"1,686,339",,"1,691,502",,"1,696,979",,"1,704,941",,"1,715,464",,"1,729,105",,"1,744,258",,"1,757,325",,"1,768,374",,"1,781,402",,"1,791,782",,"1,808,014",,"1,826,043",,"1,840,971",,"1,861,328",,"1,877,098",,"1,892,556",,"1,905,818",,"1,921,586",,"1,939,642",,"1,954,227",,"1,970,372",,"1,985,553",,"2,000,108",,"2,013,305",,"2,028,095",,"2,041,327",,"2,052,396",,"2,062,106",,"2,070,852",,"2,078,265",,"2,084,787",,"2,091,714",,"2,097,358",
Residential mortgages 9,"1,422,011",,"1,429,006",,"1,435,983",,"1,444,112",,"1,450,608",,"1,457,841",,"1,465,009",,"1,470,624",,"1,476,172",,"1,483,246",,"1,490,105",,"1,496,700",,"1,502,217",,"1,508,628",,"1,514,175",,"1,517,505",,"1,520,280",,"1,524,542",,"1,529,558",,"1,534,017",,"1,538,787",,"1,543,780",,"1,548,780",,"1,556,915",,"1,561,010",,"1,565,753",,"1,572,714",,"1,577,149",,"1,585,061",,"1,589,922",,"1,597,149",,"1,605,601",,"1,613,230",,"1,621,645",,"1,627,918",,"1,636,166",,"1,645,814",,"1,656,124",,"1,666,544",,"1,675,678",,"1,680,864",,"1,686,369",,"1,694,201",,"1,704,785",,"1,718,446",,"1,733,593",,"1,746,683",,"1,757,721",,"1,770,742",,"1,781,098",,"1,797,313",,"1,815,275",,"1,830,154",,"1,850,373",,"1,866,178",,"1,881,628",,"1,894,828",,"1,910,689",,"1,928,777",,"1,943,465",,"1,959,657",,"1,974,883",,"1,989,502",,"2,002,696",,"2,017,478",,"2,030,731",,"2,041,802",,"2,051,543",,"2,060,326",,"2,067,802",,"2,074,380",,"2,081,403",,"2,087,075",
Chartered banks 9 10,"1,060,555",,"1,066,286",,"1,072,315",,"1,078,866",,"1,084,450",,"1,090,924",,"1,097,489",,"1,102,581",,"1,107,678",,"1,113,315",,"1,118,764",,"1,123,977",,"1,127,841",,"1,132,680",,"1,136,447",,"1,139,673",,"1,142,095",,"1,145,908",,"1,148,644",,"1,151,137",,"1,154,447",,"1,157,918",,"1,162,284",,"1,169,150",,"1,172,577",,"1,175,781",,"1,181,180",,"1,185,171",,"1,192,194",,"1,196,937",,"1,203,446",,"1,211,011",,"1,217,860",,"1,225,048",,"1,230,410",,"1,237,518",,"1,245,301",,"1,253,566",,"1,261,565",,"1,270,485",,"1,275,279",,"1,280,142",,"1,287,487",,"1,297,946",,"1,310,556",,"1,325,602",,"1,338,520",,"1,349,302",,"1,361,316",,"1,370,920",,"1,385,456",,"1,401,003",,"1,414,191",,"1,431,594",,"1,445,588",,"1,459,156",,"1,471,134",,"1,483,207",,"1,497,214",,"1,508,017",,"1,522,428",,"1,535,541",,"1,547,909",,"1,558,073",,"1,569,073",,"1,578,499",,"1,586,202",,"1,592,727",,"1,599,069",,"1,604,282",,"1,609,130",,"1,614,256",,"1,619,606",
Non-banks 9 10,"361,456",,"362,720",,"363,668",,"365,246",,"366,158",,"366,917",,"367,520",,"368,043",,"368,494",,"369,931",,"371,341",,"372,723",,"374,376",,"375,948",,"377,728",,"377,832",,"378,185",,"378,634",,"380,914",,"382,880",,"384,340",,"385,862",,"386,496",,"387,765",,"388,433",,"389,972",,"391,534",,"391,978",,"392,867",,"392,985",,"393,703",,"394,590",,"395,370",,"396,597",,"397,508",,"398,648",,"400,513",,"402,558",,"404,979",,"405,193",,"405,585",,"406,227",,"406,714",,"406,839",,"407,890",,"407,991",,"408,163",,"408,419",,"409,426",,"410,178",,"411,857",,"414,272",,"415,963",,"418,779",,"420,590",,"422,472",,"423,694",,"427,482",,"431,563",,"435,448",,"437,229",,"439,342",,"441,593",,"444,623",,"448,405",,"452,232",,"455,600",,"458,816",,"461,257",,"463,520",,"465,250",,"467,147",,"467,469",
Government 9 10,365,,365,,366,,373,,380,,387,,393,,399,,404,,409,,415,,421,,424,,430,,436,,437,,436,,434,,435,,437,,438,,440,,442,,443,,444,,446,,447,,448,,449,,450,,450,,451,,451,,452,,453,,454,,452,,454,,456,,453,,448,,444,,440,,437,,434,,431,,427,,422,,419,,415,,413,,412,,411,,411,,411,,410,,408,,407,,406,,405,,400,,396,,391,,391,,392,,392,,389,,386,,382,,379,,377,,374,,374,
Non-bank financial corporations 9 10 11,"356,248",,"357,510",,"358,454",,"359,981",,"360,841",,"361,549",,"362,131",,"362,633",,"363,065",,"364,463",,"365,834",,"367,176",,"368,723",,"370,197",,"371,868",,"372,014",,"372,412",,"372,906",,"375,097",,"376,972",,"378,346",,"379,804",,"380,375",,"381,581",,"382,224",,"383,739",,"385,276",,"385,853",,"386,878",,"387,129",,"387,855",,"388,749",,"389,537",,"390,755",,"391,657",,"392,788",,"394,398",,"396,201",,"398,363",,"398,532",,"398,878",,"399,476",,"399,939",,"400,039",,"401,066",,"401,206",,"401,417",,"401,714",,"402,639",,"403,317",,"404,913",,"407,216",,"408,790",,"411,493",,"413,290",,"415,159",,"416,370",,"419,972",,"423,874",,"427,573",,"429,347",,"431,452",,"433,696",,"436,648",,"440,348",,"444,097",,"447,365",,"450,481",,"452,826",,"455,088",,"456,815",,"458,711",,"459,036",
Credit unions and caisse populaires 9 10,"184,378",,"184,763",,"185,302",,"186,032",,"186,930",,"187,869",,"188,736",,"189,801",,"190,697",,"191,937",,"193,297",,"194,569",,"195,752",,"197,130",,"198,340",,"199,461",,"200,684",,"201,989",,"203,144",,"204,254",,"205,339",,"206,401",,"207,030",,"208,094",,"209,397",,"210,721",,"211,968",,"212,605",,"213,194",,"213,475",,"214,225",,"215,153",,"216,211",,"217,463",,"218,693",,"220,063",,"220,888",,"221,931",,"223,029",,"223,562",,"224,090",,"224,853",,"225,491",,"226,341",,"227,304",,"228,109",,"229,179",,"230,217",,"231,606",,"232,907",,"234,705",,"237,281",,"239,125",,"241,720",,"243,250",,"244,981",,"246,631",,"248,294",,"250,217",,"251,723",,"253,411",,"255,022",,"256,645",,"258,275",,"260,753",,"263,347",,"265,277",,"267,143",,"268,724",,"270,239",,"271,334",,"272,671",,"273,072",
Trust companies and mortgage loan companies 9 10,"20,907",,"21,356",,"21,207",,"21,537",,"21,198",,"20,814",,"20,444",,"19,940",,"19,570",,"19,492",,"19,367",,"19,315",,"19,497",,"19,411",,"19,417",,"19,253",,"18,745",,"18,500",,"18,941",,"19,091",,"18,970",,"19,359",,"19,271",,"19,377",,"18,988",,"19,366",,"19,782",,"19,833",,"20,269",,"20,192",,"20,168",,"20,320",,"20,243",,"20,445",,"20,554",,"20,612",,"20,851",,"20,917",,"20,856",,"21,000",,"21,089",,"21,070",,"21,642",,"21,819",,"21,901",,"22,055",,"22,094",,"22,114",,"22,301",,"22,166",,"22,226",,"22,496",,"22,485",,"22,842",,"23,347",,"23,814",,"23,895",,"24,287",,"24,875",,"25,433",,"25,965",,"26,311",,"26,601",,"27,484",,"28,016",,"28,486",,"28,642",,"28,781",,"28,658",,"28,958",,"29,287",,"29,369",,"29,550",
Financial vehicle corporations engaged in securitization 6 9 10,"22,021",,"21,997",,"22,189",,"22,100",,"22,003",,"21,713",,"21,338",,"20,815",,"20,434",,"20,313",,"20,273",,"20,074",,"20,121",,"20,011",,"20,142",,"19,296",,"18,742",,"18,019",,"17,844",,"17,701",,"17,527",,"17,466",,"17,578",,"17,564",,"17,203",,"16,794",,"16,511",,"16,259",,"16,248",,"16,284",,"16,265",,"16,101",,"16,061",,"15,887",,"15,632",,"15,403",,"15,455",,"15,545",,"16,118",,"15,438",,"15,092",,"14,909",,"14,743",,"14,463",,"15,183",,"15,092",,"15,002",,"14,960",,"15,194",,"15,389",,"15,959",,"15,173",,"14,741",,"14,402",,"14,090",,"13,780",,"13,400",,"13,376",,"13,369",,"13,443",,"13,352",,"13,291",,"13,402",,"13,807",,"14,479",,"15,210",,"15,382",,"15,589",,"15,721",,"15,786",,"15,846",,"15,931",,"15,965",
Of which: off balance-sheet NHA-MBS 9 10 12,"9,191",,"8,935",,"8,743",,"8,719",,"8,692",,"8,517",,"8,422",,"8,310",,"8,238",,"8,179",,"8,066",,"7,964",,"8,907",,"9,828",,"10,798",,"10,603",,"10,487",,"10,178",,"10,102",,"10,100",,"10,092",,"10,121",,"10,180",,"10,211",,"9,854",,"9,523",,"9,119",,"8,989",,"8,811",,"8,613",,"8,669",,"8,678",,"8,801",,"8,461",,"8,046",,"7,635",,"7,904",,"8,201",,"8,575",,"8,252",,"7,879",,"7,574",,"6,916",,"6,972",,"7,055",,"6,908",,"6,747",,"6,572",,"7,114",,"7,646",,"8,227",,"7,535",,"6,820",,"6,114",,"5,983",,"5,843",,"5,682",,"5,508",,"5,346",,"5,164",,"5,151",,"5,136",,"5,128",,"5,136",,"5,155",,"5,172",,"5,260",,"5,337",,"5,406",,"5,401",,"5,400",,"5,391",,"5,396",
Other financial corporations n.e.i. 7 9 10,"128,942",,"129,394",,"129,756",,"130,312",,"130,710",,"131,153",,"131,613",,"132,077",,"132,364",,"132,721",,"132,897",,"133,218",,"133,353",,"133,645",,"133,969",,"134,004",,"134,241",,"134,398",,"135,168",,"135,926",,"136,510",,"136,578",,"136,496",,"136,546",,"136,636",,"136,858",,"137,015",,"137,156",,"137,167",,"137,178",,"137,197",,"137,175",,"137,022",,"136,960",,"136,778",,"136,710",,"137,204",,"137,808",,"138,360",,"138,532",,"138,607",,"138,644",,"138,063",,"137,416",,"136,678",,"135,950",,"135,142",,"134,423",,"133,538",,"132,855",,"132,023",,"132,266",,"132,439",,"132,529",,"132,603",,"132,584",,"132,444",,"134,015",,"135,413",,"136,974",,"136,619",,"136,828",,"137,048",,"137,082",,"137,100",,"137,054",,"138,064",,"138,968",,"139,723",,"140,105",,"140,348",,"140,740",,"140,449",
Other lenders n.e.i. 8 9 10,"4,843",,"4,845",,"4,848",,"4,892",,"4,937",,"4,981",,"4,996",,"5,011",,"5,025",,"5,059",,"5,092",,"5,126",,"5,229",,"5,321",,"5,424",,"5,381",,"5,337",,"5,294",,"5,382",,"5,471",,"5,556",,"5,618",,"5,679",,"5,741",,"5,765",,"5,787",,"5,811",,"5,677",,"5,540",,"5,406",,"5,398",,"5,390",,"5,382",,"5,390",,"5,398",,"5,406",,"5,663",,"5,903",,"6,160",,"6,208",,"6,259",,"6,307",,"6,335",,"6,363",,"6,390",,"6,354",,"6,319",,"6,283",,"6,368",,"6,446",,"6,531",,"6,644",,"6,762",,"6,875",,"6,889",,"6,903",,"6,916",,"7,103",,"7,283",,"7,470",,"7,482",,"7,494",,"7,506",,"7,584",,"7,665",,"7,743",,"7,846",,"7,949",,"8,049",,"8,053",,"8,058",,"8,062",,"8,059",
Non-residential mortgages 9,"10,838",,"10,973",,"11,103",,"11,078",,"11,072",,"11,048",,"11,070",,"11,084",,"11,098",,"11,049",,"11,004",,"10,959",,"10,705",,"10,469",,"10,216",,"10,215",,"10,202",,"10,183",,"10,274",,"10,339",,"10,417",,"10,457",,"10,597",,"10,647",,"10,697",,"10,820",,"10,876",,"10,724",,"10,498",,"10,436",,"10,424",,"10,422",,"10,414",,"10,576",,"10,747",,"10,941",,"10,925",,"10,764",,"10,740",,"10,661",,"10,638",,"10,610",,"10,740",,"10,679",,"10,659",,"10,665",,"10,642",,"10,653",,"10,660",,"10,684",,"10,701",,"10,768",,"10,817",,"10,955",,"10,920",,"10,928",,"10,990",,"10,897",,"10,865",,"10,762",,"10,715",,"10,670",,"10,606",,"10,609",,"10,617",,"10,596",,"10,594",,"10,563",,"10,526",,"10,463",,"10,407",,"10,311",,"10,283",
Chartered banks 9 13,"3,247",,"3,319",,"3,381",,"3,361",,"3,348",,"3,331",,"3,345",,"3,346",,"3,352",,"3,359",,"3,367",,"3,379",,"3,291",,"3,209",,"3,121",,"3,132",,"3,127",,"3,120",,"3,151",,"3,159",,"3,180",,"3,162",,"3,282",,"3,265",,"3,260",,"3,327",,"3,316",,"3,253",,"3,126",,"3,148",,"3,142",,"3,156",,"3,156",,"3,208",,"3,278",,"3,349",,"3,342",,"3,218",,"3,214",,"3,166",,"3,175",,"3,175",,"3,278",,"3,223",,"3,204",,"3,207",,"3,192",,"3,203",,"3,208",,"3,226",,"3,233",,"3,246",,"3,247",,"3,301",,"3,260",,"3,260",,"3,298",,"3,261",,"3,268",,"3,223",,"3,229",,"3,228",,"3,208",,"3,204",,"3,213",,"3,191",,"3,188",,"3,166",,"3,132",,"3,109",,"3,093",,"3,046",,"3,036",
Non-banks 9 13,"7,591",,"7,654",,"7,722",,"7,717",,"7,724",,"7,717",,"7,725",,"7,738",,"7,746",,"7,690",,"7,637",,"7,580",,"7,414",,"7,260",,"7,095",,"7,083",,"7,075",,"7,063",,"7,123",,"7,180",,"7,237",,"7,295",,"7,315",,"7,382",,"7,437",,"7,493",,"7,560",,"7,471",,"7,372",,"7,288",,"7,282",,"7,266",,"7,258",,"7,368",,"7,469",,"7,592",,"7,583",,"7,546",,"7,526",,"7,495",,"7,463",,"7,435",,"7,462",,"7,456",,"7,455",,"7,458",,"7,450",,"7,450",,"7,452",,"7,458",,"7,468",,"7,522",,"7,570",,"7,654",,"7,660",,"7,668",,"7,692",,"7,636",,"7,597",,"7,539",,"7,486",,"7,442",,"7,398",,"7,405",,"7,404",,"7,405",,"7,406",,"7,397",,"7,394",,"7,354",,"7,314",,"7,265",,"7,247",
Government 9 13,385,,384,,385,,392,,400,,408,,411,,413,,415,,416,,419,,421,,423,,426,,428,,432,,436,,440,,444,,448,,451,,456,,461,,467,,471,,474,,478,,469,,458,,448,,451,,454,,457,,460,,463,,466,,493,,475,,474,,471,,477,,482,,498,,491,,489,,492,,493,,497,,499,,502,,504,,506,,506,,514,,511,,514,,523,,525,,534,,534,,539,,544,,545,,549,,555,,556,,563,,567,,568,,573,,579,,579,,577,
Non-bank financial corporations 9 13,"6,331",,"6,391",,"6,454",,"6,441",,"6,438",,"6,422",,"6,425",,"6,434",,"6,438",,"6,381",,"6,324",,"6,265",,"6,098",,"5,943",,"5,777",,"5,763",,"5,752",,"5,738",,"5,791",,"5,841",,"5,892",,"5,943",,"5,956",,"6,015",,"6,065",,"6,116",,"6,178",,"6,103",,"6,021",,"5,952",,"5,944",,"5,925",,"5,915",,"6,020",,"6,116",,"6,234",,"6,191",,"6,164",,"6,138",,"6,106",,"6,064",,"6,027",,"6,033",,"6,030",,"6,026",,"6,023",,"6,012",,"6,005",,"6,004",,"6,005",,"6,012",,"6,061",,"6,107",,"6,180",,"6,189",,"6,195",,"6,210",,"6,150",,"6,100",,"6,040",,"5,983",,"5,934",,"5,890",,"5,892",,"5,885",,"5,884",,"5,877",,"5,863",,"5,858",,"5,814",,"5,770",,"5,722",,"5,707",
Credit unions and caisse populaires 9 13,"1,997",,"2,035",,"2,072",,"2,069",,"2,075",,"2,068",,"2,083",,"2,097",,"2,106",,"2,097",,"2,082",,"2,067",,"2,016",,"1,966",,"1,919",,"1,916",,"1,918",,"1,916",,"1,937",,"1,952",,"1,969",,"1,987",,"1,970",,"1,998",,"2,009",,"2,024",,"2,045",,"2,020",,"1,988",,"1,967",,"1,968",,"1,961",,"1,962",,"2,000",,"2,032",,"2,082",,"2,052",,"2,035",,"2,022",,"2,012",,"1,996",,"1,981",,"1,986",,"1,982",,"1,979",,"1,984",,"1,982",,"1,982",,"1,984",,"1,988",,"1,998",,"2,009",,"2,014",,"2,047",,"2,048",,"2,047",,"2,055",,"2,031",,"2,016",,"1,994",,"1,987",,"1,984",,"1,990",,"2,001",,"2,005",,"2,011",,"2,016",,"2,007",,"2,015",,"2,005",,"1,995",,"1,981",,"1,983",
Trust companies and mortgage loan companies 9 13,25,,22,,19,,19,,19,,18,,14,,12,,11,,11,,11,,11,,11,,12,,12,,12,,12,,12,,12,,13,,13,,13,,13,,13,,12,,12,,13,,13,,14,,14,,14,,14,,14,,14,,14,,15,,15,,15,,15,,15,,13,,13,,13,,13,,13,,12,,11,,11,,11,,11,,11,,9,,9,,9,,9,,8,,8,,8,,8,,7,,7,,7,,7,,7,,6,,8,,6,,11,,8,,8,,8,,8,,7,
Financial vehicle corporations engaged in securitization 6 9 13,157,,145,,133,,120,,108,,97,,91,,89,,87,,89,,95,,101,,100,,97,,93,,93,,92,,91,,94,,100,,106,,108,,107,,107,,108,,110,,111,,113,,117,,121,,122,,120,,118,,119,,119,,120,,117,,115,,112,,110,,108,,106,,106,,105,,103,,99,,95,,91,,91,,91,,91,,91,,90,,90,,89,,88,,87,,86,,85,,83,,82,,81,,80,,79,,78,,77,,76,,76,,75,,74,,73,,72,,72,
Other financial corporations n.e.i. 7 9 13,"4,152",,"4,189",,"4,230",,"4,233",,"4,236",,"4,239",,"4,237",,"4,236",,"4,234",,"4,184",,"4,136",,"4,086",,"3,971",,"3,868",,"3,753",,"3,742",,"3,730",,"3,719",,"3,748",,"3,776",,"3,804",,"3,835",,"3,866",,"3,897",,"3,936",,"3,970",,"4,009",,"3,957",,"3,902",,"3,850",,"3,840",,"3,830",,"3,821",,"3,887",,"3,951",,"4,017",,"4,007",,"3,999",,"3,989",,"3,969",,"3,947",,"3,927",,"3,928",,"3,930",,"3,931",,"3,928",,"3,924",,"3,921",,"3,918",,"3,915",,"3,912",,"3,952",,"3,994",,"4,034",,"4,043",,"4,052",,"4,060",,"4,025",,"3,991",,"3,956",,"3,907",,"3,862",,"3,813",,"3,805",,"3,796",,"3,788",,"3,779",,"3,769",,"3,760",,"3,727",,"3,694",,"3,661",,"3,645",
Other lenders n.e.i. 8 9 13,875,,879,,883,,884,,886,,887,,889,,891,,893,,893,,894,,894,,893,,891,,890,,888,,887,,885,,888,,891,,894,,896,,898,,900,,901,,903,,904,,899,,893,,888,,887,,887,,886,,888,,890,,892,,899,,907,,914,,918,,922,,926,,931,,935,,940,,943,,945,,948,,949,,951,,952,,955,,957,,960,,960,,959,,959,,961,,963,,965,,964,,964,,963,,964,,964,,965,,966,,967,,968,,967,,965,,964,,963,
Total credit liabilities of households,"2,100,243",,"2,110,432",,"2,121,607",,"2,131,602",,"2,140,297",,"2,149,182",,"2,158,979",,"2,166,068",,"2,172,534",,"2,180,443",,"2,188,868",,"2,196,475",,"2,202,820",,"2,211,328",,"2,218,667",,"2,223,714",,"2,230,351",,"2,236,779",,"2,243,802",,"2,249,823",,"2,256,778",,"2,263,099",,"2,270,191",,"2,279,113",,"2,282,307",,"2,287,874",,"2,295,966",,"2,302,992",,"2,313,455",,"2,319,559",,"2,327,597",,"2,335,798",,"2,343,481",,"2,352,503",,"2,358,202",,"2,369,056",,"2,378,387",,"2,389,488",,"2,391,349",,"2,388,980",,"2,388,716",,"2,395,176",,"2,403,359",,"2,415,290",,"2,429,253",,"2,444,147",,"2,457,356",,"2,465,075",,"2,475,628",,"2,484,282",,"2,499,108",,"2,518,306",,"2,533,591",,"2,554,799",,"2,570,451",,"2,586,391",,"2,601,707",,"2,617,987",,"2,641,095",,"2,654,963",,"2,672,235",,"2,691,195",,"2,708,464",,"2,726,226",,"2,744,523",,"2,759,333",,"2,770,593",,"2,782,846",,"2,792,861",,"2,802,831",,"2,810,808",,"2,819,140",,"2,825,848",
Of which: real estate secured lending 14,"1,618,083",,"1,625,438",,"1,633,067",,"1,641,553",,"1,648,669",,"1,656,495",,"1,664,373",,"1,669,663",,"1,675,077",,"1,681,656",,"1,688,238",,"1,695,033",,"1,700,146",,"1,706,118",,"1,711,201",,"1,714,299",,"1,716,770",,"1,720,772",,"1,725,906",,"1,730,434",,"1,735,138",,"1,740,346",,"1,745,368",,"1,753,411",,"1,757,578",,"1,761,954",,"1,768,482",,"1,772,374",,"1,779,830",,"1,784,176",,"1,790,973",,"1,798,480",,"1,805,140",,"1,812,842",,"1,818,500",,"1,826,344",,"1,835,690",,"1,845,694",,"1,856,993",,"1,864,167",,"1,867,181",,"1,871,556",,"1,878,765",,"1,888,887",,"1,902,846",,"1,917,024",,"1,929,153",,"1,939,060",,"1,950,100",,"1,959,277",,"1,973,807",,"1,992,470",,"2,007,167",,"2,027,144",,"2,042,408",,"2,057,593",,"2,070,782",,"2,086,817",,"2,105,471",,"2,120,586",,"2,137,346",,"2,153,326",,"2,168,355",,"2,182,452",,"2,198,205",,"2,211,817",,"2,222,846",,"2,232,896",,"2,241,435",,"2,248,708",,"2,255,086",,"2,261,962",,"2,267,827",
Residential mortgages 14,"1,422,011",,"1,429,006",,"1,435,983",,"1,444,112",,"1,450,608",,"1,457,841",,"1,465,009",,"1,470,624",,"1,476,172",,"1,483,246",,"1,490,105",,"1,496,700",,"1,502,217",,"1,508,628",,"1,514,175",,"1,517,505",,"1,520,280",,"1,524,542",,"1,529,558",,"1,534,017",,"1,538,787",,"1,543,780",,"1,548,780",,"1,556,915",,"1,561,010",,"1,565,753",,"1,572,714",,"1,577,149",,"1,585,061",,"1,589,922",,"1,597,149",,"1,605,601",,"1,613,230",,"1,621,645",,"1,627,918",,"1,636,166",,"1,645,814",,"1,656,124",,"1,666,544",,"1,675,678",,"1,680,864",,"1,686,369",,"1,694,201",,"1,704,785",,"1,718,446",,"1,733,593",,"1,746,683",,"1,757,721",,"1,770,742",,"1,781,098",,"1,797,313",,"1,815,275",,"1,830,154",,"1,850,373",,"1,866,178",,"1,881,628",,"1,894,828",,"1,910,689",,"1,928,777",,"1,943,465",,"1,959,657",,"1,974,883",,"1,989,502",,"2,002,696",,"2,017,478",,"2,030,731",,"2,041,802",,"2,051,543",,"2,060,326",,"2,067,802",,"2,074,380",,"2,081,403",,"2,087,075",
Chartered banks 10 14,"1,060,555",,"1,066,286",,"1,072,315",,"1,078,866",,"1,084,450",,"1,090,924",,"1,097,489",,"1,102,581",,"1,107,678",,"1,113,315",,"1,118,764",,"1,123,977",,"1,127,841",,"1,132,680",,"1,136,447",,"1,139,673",,"1,142,095",,"1,145,908",,"1,148,644",,"1,151,137",,"1,154,447",,"1,157,918",,"1,162,284",,"1,169,150",,"1,172,577",,"1,175,781",,"1,181,180",,"1,185,171",,"1,192,194",,"1,196,937",,"1,203,446",,"1,211,011",,"1,217,860",,"1,225,048",,"1,230,410",,"1,237,518",,"1,245,301",,"1,253,566",,"1,261,565",,"1,270,485",,"1,275,279",,"1,280,142",,"1,287,487",,"1,297,946",,"1,310,556",,"1,325,602",,"1,338,520",,"1,349,302",,"1,361,316",,"1,370,920",,"1,385,456",,"1,401,003",,"1,414,191",,"1,431,594",,"1,445,588",,"1,459,156",,"1,471,134",,"1,483,207",,"1,497,214",,"1,508,017",,"1,522,428",,"1,535,541",,"1,547,909",,"1,558,073",,"1,569,073",,"1,578,499",,"1,586,202",,"1,592,727",,"1,599,069",,"1,604,282",,"1,609,130",,"1,614,256",,"1,619,606",
Non-banks 10 14,"361,456",,"362,720",,"363,668",,"365,246",,"366,158",,"366,917",,"367,520",,"368,043",,"368,494",,"369,931",,"371,341",,"372,723",,"374,376",,"375,948",,"377,728",,"377,832",,"378,185",,"378,634",,"380,914",,"382,880",,"384,340",,"385,862",,"386,496",,"387,765",,"388,433",,"389,972",,"391,534",,"391,978",,"392,867",,"392,985",,"393,703",,"394,590",,"395,370",,"396,597",,"397,508",,"398,648",,"400,513",,"402,558",,"404,979",,"405,193",,"405,585",,"406,227",,"406,714",,"406,839",,"407,890",,"407,991",,"408,163",,"408,419",,"409,426",,"410,178",,"411,857",,"414,272",,"415,963",,"418,779",,"420,590",,"422,472",,"423,694",,"427,482",,"431,563",,"435,448",,"437,229",,"439,342",,"441,593",,"444,623",,"448,405",,"452,232",,"455,600",,"458,816",,"461,257",,"463,520",,"465,250",,"467,147",,"467,469",
Non-residential mortgages 14,"10,838",,"10,973",,"11,103",,"11,078",,"11,072",,"11,048",,"11,070",,"11,084",,"11,098",,"11,049",,"11,004",,"10,959",,"10,705",,"10,469",,"10,216",,"10,215",,"10,202",,"10,183",,"10,274",,"10,339",,"10,417",,"10,457",,"10,597",,"10,647",,"10,697",,"10,820",,"10,876",,"10,724",,"10,498",,"10,436",,"10,424",,"10,422",,"10,414",,"10,576",,"10,747",,"10,941",,"10,925",,"10,764",,"10,740",,"10,661",,"10,638",,"10,610",,"10,740",,"10,679",,"10,659",,"10,665",,"10,642",,"10,653",,"10,660",,"10,684",,"10,701",,"10,768",,"10,817",,"10,955",,"10,920",,"10,928",,"10,990",,"10,897",,"10,865",,"10,762",,"10,715",,"10,670",,"10,606",,"10,609",,"10,617",,"10,596",,"10,594",,"10,563",,"10,526",,"10,463",,"10,407",,"10,311",,"10,283",
Chartered banks 13 14,"3,247",,"3,319",,"3,381",,"3,361",,"3,348",,"3,331",,"3,345",,"3,346",,"3,352",,"3,359",,"3,367",,"3,379",,"3,291",,"3,209",,"3,121",,"3,132",,"3,127",,"3,120",,"3,151",,"3,159",,"3,180",,"3,162",,"3,282",,"3,265",,"3,260",,"3,327",,"3,316",,"3,253",,"3,126",,"3,148",,"3,142",,"3,156",,"3,156",,"3,208",,"3,278",,"3,349",,"3,342",,"3,218",,"3,214",,"3,166",,"3,175",,"3,175",,"3,278",,"3,223",,"3,204",,"3,207",,"3,192",,"3,203",,"3,208",,"3,226",,"3,233",,"3,246",,"3,247",,"3,301",,"3,260",,"3,260",,"3,298",,"3,261",,"3,268",,"3,223",,"3,229",,"3,228",,"3,208",,"3,204",,"3,213",,"3,191",,"3,188",,"3,166",,"3,132",,"3,109",,"3,093",,"3,046",,"3,036",
Non-banks 13 14,"7,591",,"7,654",,"7,722",,"7,717",,"7,724",,"7,717",,"7,725",,"7,738",,"7,746",,"7,690",,"7,637",,"7,580",,"7,414",,"7,260",,"7,095",,"7,083",,"7,075",,"7,063",,"7,123",,"7,180",,"7,237",,"7,295",,"7,315",,"7,382",,"7,437",,"7,493",,"7,560",,"7,471",,"7,372",,"7,288",,"7,282",,"7,266",,"7,258",,"7,368",,"7,469",,"7,592",,"7,583",,"7,546",,"7,526",,"7,495",,"7,463",,"7,435",,"7,462",,"7,456",,"7,455",,"7,458",,"7,450",,"7,450",,"7,452",,"7,458",,"7,468",,"7,522",,"7,570",,"7,654",,"7,660",,"7,668",,"7,692",,"7,636",,"7,597",,"7,539",,"7,486",,"7,442",,"7,398",,"7,405",,"7,404",,"7,405",,"7,406",,"7,397",,"7,394",,"7,354",,"7,314",,"7,265",,"7,247",
Home equity lines of credit 14,"185,234",,"185,459",,"185,981",,"186,363",,"186,989",,"187,606",,"188,294",,"187,955",,"187,807",,"187,361",,"187,129",,"187,374",,"187,224",,"187,021",,"186,810",,"186,579",,"186,288",,"186,047",,"186,074",,"186,078",,"185,934",,"186,109",,"185,991",,"185,849",,"185,871",,"185,381",,"184,892",,"184,501",,"184,271",,"183,818",,"183,400",,"182,457",,"181,496",,"180,621",,"179,835",,"179,237",,"178,951",,"178,806",,"179,709",,"177,828",,"175,679",,"174,577",,"173,824",,"173,423",,"173,741",,"172,766",,"171,828",,"170,686",,"168,698",,"167,495",,"165,793",,"166,427",,"166,196",,"165,816",,"165,310",,"165,037",,"164,964",,"165,231",,"165,829",,"166,359",,"166,974",,"167,773",,"168,247",,"169,147",,"170,110",,"170,490",,"170,450",,"170,790",,"170,583",,"170,443",,"170,299",,"170,248",,"170,469",
Chartered banks 14,"175,563",,"175,780",,"176,297",,"176,670",,"177,274",,"177,892",,"178,586",,"178,254",,"178,133",,"177,679",,"177,441",,"177,667",,"177,509",,"177,332",,"177,145",,"176,923",,"176,651",,"176,414",,"176,461",,"176,496",,"176,368",,"176,577",,"176,494",,"176,379",,"176,470",,"175,976",,"175,477",,"175,098",,"174,922",,"174,516",,"174,144",,"173,258",,"172,361",,"171,561",,"170,850",,"170,306",,"170,075",,"169,987",,"170,895",,"169,244",,"167,225",,"166,174",,"165,469",,"165,126",,"165,487",,"164,587",,"163,711",,"162,653",,"160,721",,"159,553",,"157,890",,"158,552",,"158,285",,"157,972",,"157,485",,"157,216",,"157,141",,"157,365",,"157,935",,"158,436",,"159,023",,"159,805",,"160,247",,"161,068",,"161,958",,"162,297",,"162,237",,"162,534",,"162,305",,"162,150",,"162,000",,"161,967",,"162,187",
Non-banks 14 15,"9,671",,"9,679",,"9,684",,"9,693",,"9,715",,"9,714",,"9,708",,"9,701",,"9,674",,"9,682",,"9,688",,"9,707",,"9,715",,"9,689",,"9,665",,"9,656",,"9,637",,"9,633",,"9,613",,"9,582",,"9,566",,"9,532",,"9,497",,"9,470",,"9,401",,"9,405",,"9,415",,"9,403",,"9,349",,"9,302",,"9,256",,"9,199",,"9,135",,"9,060",,"8,985",,"8,931",,"8,876",,"8,819",,"8,814",,"8,584",,"8,454",,"8,403",,"8,355",,"8,297",,"8,254",,"8,179",,"8,117",,"8,033",,"7,977",,"7,942",,"7,903",,"7,875",,"7,911",,"7,844",,"7,825",,"7,821",,"7,823",,"7,866",,"7,894",,"7,923",,"7,951",,"7,968",,"8,000",,"8,079",,"8,152",,"8,193",,"8,213",,"8,256",,"8,278",,"8,293",,"8,299",,"8,281",,"8,282",
,,,,,,,,,,,,,,,,,,,,,,,,,,,,,,,,,,,,,,,,,,,,,,,,,,,,,,,,,,,,,,,,,,,,,,,,,,,,,,,,,,,,,,,,,,,,,,,,,,,,,,,,,,,,,,,,,,,,,,,,,,,,,,,,,,,,,,,,,,,,,,,,,,
,,,,,,,,,,,,,,,,,,,,,,,,,,,,,,,,,,,,,,,,,,,,,,,,,,,,,,,,,,,,,,,,,,,,,,,,,,,,,,,,,,,,,,,,,,,,,,,,,,,,,,,,,,,,,,,,,,,,,,,,,,,,,,,,,,,,,,,,,,,,,,,,,,
,,,,,,,,,,,,,,,,,,,,,,,,,,,,,,,,,,,,,,,,,,,,,,,,,,,,,,,,,,,,,,,,,,,,,,,,,,,,,,,,,,,,,,,,,,,,,,,,,,,,,,,,,,,,,,,,,,,,,,,,,,,,,,,,,,,,,,,,,,,,,,,,,,
,,,,,,,,,,,,,,,,,,,,,,,,,,,,,,,,,,,,,,,,,,,,,,,,,,,,,,,,,,,,,,,,,,,,,,,,,,,,,,,,,,,,,,,,,,,,,,,,,,,,,,,,,,,,,,,,,,,,,,,,,,,,,,,,,,,,,,,,,,,,,,,,,,
Footnotes:,,,,,,,,,,,,,,,,,,,,,,,,,,,,,,,,,,,,,,,,,,,,,,,,,,,,,,,,,,,,,,,,,,,,,,,,,,,,,,,,,,,,,,,,,,,,,,,,,,,,,,,,,,,,,,,,,,,,,,,,,,,,,,,,,,,,,,,,,,,,,,,,,,
1,Non-mortgage loans.,,,,,,,,,,,,,,,,,,,,,,,,,,,,,,,,,,,,,,,,,,,,,,,,,,,,,,,,,,,,,,,,,,,,,,,,,,,,,,,,,,,,,,,,,,,,,,,,,,,,,,,,,,,,,,,,,,,,,,,,,,,,,,,,,,,,,,,,,,,,,,,,,
2,Chartered banks.,,,,,,,,,,,,,,,,,,,,,,,,,,,,,,,,,,,,,,,,,,,,,,,,,,,,,,,,,,,,,,,,,,,,,,,,,,,,,,,,,,,,,,,,,,,,,,,,,,,,,,,,,,,,,,,,,,,,,,,,,,,,,,,,,,,,,,,,,,,,,,,,,
3,"For further information on the concepts, methodologies, and classifications used to compile these monthly estimates please see the document <a href=https://www150.statcan.gc.ca/n1/en/catalogue/13-605-X202000100004"">Guide to the Monthly Credit Aggregates</a>.""",,,,,,,,,,,,,,,,,,,,,,,,,,,,,,,,,,,,,,,,,,,,,,,,,,,,,,,,,,,,,,,,,,,,,,,,,,,,,,,,,,,,,,,,,,,,,,,,,,,,,,,,,,,,,,,,,,,,,,,,,,,,,,,,,,,,,,,,,,,,,,,,,
4,Chartered banks home equity lines of credit are a subset of chartered banks lines of credit under household liabilities.,,,,,,,,,,,,,,,,,,,,,,,,,,,,,,,,,,,,,,,,,,,,,,,,,,,,,,,,,,,,,,,,,,,,,,,,,,,,,,,,,,,,,,,,,,,,,,,,,,,,,,,,,,,,,,,,,,,,,,,,,,,,,,,,,,,,,,,,,,,,,,,,,
5,Non-banks.,,,,,,,,,,,,,,,,,,,,,,,,,,,,,,,,,,,,,,,,,,,,,,,,,,,,,,,,,,,,,,,,,,,,,,,,,,,,,,,,,,,,,,,,,,,,,,,,,,,,,,,,,,,,,,,,,,,,,,,,,,,,,,,,,,,,,,,,,,,,,,,,,
6,Financial vehicle corporations engaged in securitization are off balance sheet.,,,,,,,,,,,,,,,,,,,,,,,,,,,,,,,,,,,,,,,,,,,,,,,,,,,,,,,,,,,,,,,,,,,,,,,,,,,,,,,,,,,,,,,,,,,,,,,,,,,,,,,,,,,,,,,,,,,,,,,,,,,,,,,,,,,,,,,,,,,,,,,,,
7,"N.e.i.: not elsewhere included. This consists of other mutual funds, property and casualty insurance companies, trusteed pension plans, segregated funds of life insurance companies, life insurance business, financial corporations engaged in lending, security and derivative dealers, specialized financial corporations and other financial intermediaries, financial auxiliaries, captive financial institutions and money lenders.",,,,,,,,,,,,,,,,,,,,,,,,,,,,,,,,,,,,,,,,,,,,,,,,,,,,,,,,,,,,,,,,,,,,,,,,,,,,,,,,,,,,,,,,,,,,,,,,,,,,,,,,,,,,,,,,,,,,,,,,,,,,,,,,,,,,,,,,,,,,,,,,,
8,"Other lenders n.e.i. (not elsewhere included). This consists of non-financial corporations, households, non-profit institutions serving households, and non-residents.",,,,,,,,,,,,,,,,,,,,,,,,,,,,,,,,,,,,,,,,,,,,,,,,,,,,,,,,,,,,,,,,,,,,,,,,,,,,,,,,,,,,,,,,,,,,,,,,,,,,,,,,,,,,,,,,,,,,,,,,,,,,,,,,,,,,,,,,,,,,,,,,,
9,Mortgage loans.,,,,,,,,,,,,,,,,,,,,,,,,,,,,,,,,,,,,,,,,,,,,,,,,,,,,,,,,,,,,,,,,,,,,,,,,,,,,,,,,,,,,,,,,,,,,,,,,,,,,,,,,,,,,,,,,,,,,,,,,,,,,,,,,,,,,,,,,,,,,,,,,,
10,Residential mortgages.,,,,,,,,,,,,,,,,,,,,,,,,,,,,,,,,,,,,,,,,,,,,,,,,,,,,,,,,,,,,,,,,,,,,,,,,,,,,,,,,,,,,,,,,,,,,,,,,,,,,,,,,,,,,,,,,,,,,,,,,,,,,,,,,,,,,,,,,,,,,,,,,,
11,"Types of non-bank financial corporations include credit unions, trust and mortgage loan companies, etcetera.",,,,,,,,,,,,,,,,,,,,,,,,,,,,,,,,,,,,,,,,,,,,,,,,,,,,,,,,,,,,,,,,,,,,,,,,,,,,,,,,,,,,,,,,,,,,,,,,,,,,,,,,,,,,,,,,,,,,,,,,,,,,,,,,,,,,,,,,,,,,,,,,,
12,NHA - MBS: National Housing Act mortgage backed securities.,,,,,,,,,,,,,,,,,,,,,,,,,,,,,,,,,,,,,,,,,,,,,,,,,,,,,,,,,,,,,,,,,,,,,,,,,,,,,,,,,,,,,,,,,,,,,,,,,,,,,,,,,,,,,,,,,,,,,,,,,,,,,,,,,,,,,,,,,,,,,,,,,
13,Non-residential mortgages.,,,,,,,,,,,,,,,,,,,,,,,,,,,,,,,,,,,,,,,,,,,,,,,,,,,,,,,,,,,,,,,,,,,,,,,,,,,,,,,,,,,,,,,,,,,,,,,,,,,,,,,,,,,,,,,,,,,,,,,,,,,,,,,,,,,,,,,,,,,,,,,,,
14,"Real estate secured lending: subset of both mortgage and non-mortgage loans for households.  Each series is already accounted for directly or indirectly, in the mortgage or non-mortgage loans.",,,,,,,,,,,,,,,,,,,,,,,,,,,,,,,,,,,,,,,,,,,,,,,,,,,,,,,,,,,,,,,,,,,,,,,,,,,,,,,,,,,,,,,,,,,,,,,,,,,,,,,,,,,,,,,,,,,,,,,,,,,,,,,,,,,,,,,,,,,,,,,,,
15,This estimate contains only partial coverage of all non-bank HELOCs.,,,,,,,,,,,,,,,,,,,,,,,,,,,,,,,,,,,,,,,,,,,,,,,,,,,,,,,,,,,,,,,,,,,,,,,,,,,,,,,,,,,,,,,,,,,,,,,,,,,,,,,,,,,,,,,,,,,,,,,,,,,,,,,,,,,,,,,,,,,,,,,,,
,,,,,,,,,,,,,,,,,,,,,,,,,,,,,,,,,,,,,,,,,,,,,,,,,,,,,,,,,,,,,,,,,,,,,,,,,,,,,,,,,,,,,,,,,,,,,,,,,,,,,,,,,,,,,,,,,,,,,,,,,,,,,,,,,,,,,,,,,,,,,,,,,,
,,,,,,,,,,,,,,,,,,,,,,,,,,,,,,,,,,,,,,,,,,,,,,,,,,,,,,,,,,,,,,,,,,,,,,,,,,,,,,,,,,,,,,,,,,,,,,,,,,,,,,,,,,,,,,,,,,,,,,,,,,,,,,,,,,,,,,,,,,,,,,,,,,
,,,,,,,,,,,,,,,,,,,,,,,,,,,,,,,,,,,,,,,,,,,,,,,,,,,,,,,,,,,,,,,,,,,,,,,,,,,,,,,,,,,,,,,,,,,,,,,,,,,,,,,,,,,,,,,,,,,,,,,,,,,,,,,,,,,,,,,,,,,,,,,,,,
"How to cite: Statistics Canada. Table 36-10-0639-01  Credit liabilities of households (x 1,000,000)",,,,,,,,,,,,,,,,,,,,,,,,,,,,,,,,,,,,,,,,,,,,,,,,,,,,,,,,,,,,,,,,,,,,,,,,,,,,,,,,,,,,,,,,,,,,,,,,,,,,,,,,,,,,,,,,,,,,,,,,,,,,,,,,,,,,,,,,,,,,,,,,,,
https://www150.statcan.gc.ca/t1/tbl1/en/tv.action?pid=3610063901,,,,,,,,,,,,,,,,,,,,,,,,,,,,,,,,,,,,,,,,,,,,,,,,,,,,,,,,,,,,,,,,,,,,,,,,,,,,,,,,,,,,,,,,,,,,,,,,,,,,,,,,,,,,,,,,,,,,,,,,,,,,,,,,,,,,,,,,,,,,,,,,,,
